Salesperson ID,Salesperson Name,VP Sales,Regional Director
401001,Jason Rose,Randall Adam,Mark Burks
401002,Andrew Staton,April Gilliam,Mary Bonilla
401003,Karen Weber,Daniel Filson,Kimberly Barger
401004,Ina Hardcastle,Randall Adam,Mark Burks
401005,Patsy Bonilla,April Gilliam,Mary Bonilla
401006,Willie Ramos,Daniel Filson,Kimberly Barger
401007,George Tucker,Randall Adam,Mark Burks
401008,Craig Timms,April Gilliam,Mary Bonilla
401009,Jeanine Bowman,Daniel Filson,Kimberly Barger
401010,Caroline Jordan,Randall Adam,Mark Burks
401011,Lavern Lawson,April Gilliam,Mary Bonilla
401012,David Barrera,Daniel Filson,Kimberly Barger
401013,Brandon Lampman,Randall Adam,Mark Burks
401014,Adrienne Allen,April Gilliam,Mary Bonilla
401015,Patricia Brown,Daniel Filson,Kimberly Barger
401016,Maria Collins,Randall Adam,Mark Burks
401017,Steven Randall,April Gilliam,Mary Bonilla
401018,Andy Lewis,Daniel Filson,Kimberly Barger
401019,Peter Lakin,Randall Adam,Elizabeth Reece
401020,Matthew Williams,April Gilliam,William Davis
401021,Mary Dupuis,Daniel Filson,David Foor
401022,Betty Lantz,Randall Adam,Elizabeth Reece
401023,Terrance Orme,April Gilliam,William Davis
401024,Jeremy Nelson,Daniel Filson,David Foor
401025,Marianne Meeks,Randall Adam,Elizabeth Reece
401026,Harold King,April Gilliam,William Davis
401027,Terry Horton,Daniel Filson,David Foor
401028,Paul Brewer,Randall Adam,Elizabeth Reece
401029,Eddie Favorite,April Gilliam,William Davis
401030,Vanessa Schlichting,Daniel Filson,David Foor
401031,Matt Griffith,Randall Adam,Elizabeth Reece
401032,Carolyn King,April Gilliam,William Davis
401033,Emily Bundy,Daniel Filson,David Foor
401034,Randy Battle,Randall Adam,Elizabeth Reece
401035,Curtis Reynolds,April Gilliam,William Davis
401036,Christopher Barclay,Daniel Filson,David Foor
401037,Adam Saleem,Randall Adam,Elizabeth Reece
401038,Neil Crass,April Gilliam,William Davis
401039,Glen Mobley,Daniel Filson,David Foor
401040,Robin Wiest,Randall Adam,Elizabeth Reece
401041,Albert Eady,April Gilliam,William Davis
401042,Amy Farmer,Daniel Filson,David Foor
401043,Neal Horn,Randall Adam,Elizabeth Reece
401044,Toni Miller,April Gilliam,William Davis
401045,Tricia Smith,Daniel Filson,David Foor
401046,Laura Brandow,Randall Adam,Elizabeth Reece
401047,Joseph Ellison,April Gilliam,William Davis
401048,Laura Ryder,Daniel Filson,David Foor
401049,Sarah Mann,Randall Adam,Mark Bigelow
401050,Bernice Deaton,April Gilliam,Mary Fikes
401051,Nancy Hughes,Daniel Filson,John Serrano
401052,Pat Stewart,Randall Adam,Mark Bigelow
401053,Brenda Holiman,April Gilliam,Mary Fikes
401054,Kenneth Messner,Daniel Filson,John Serrano
401055,Tom Samuel,Randall Adam,Mark Bigelow
401056,Jacob McKenzie,April Gilliam,Mary Fikes
401057,Clay Hawk,Daniel Filson,John Serrano
401058,Harold Ivey,Randall Adam,Mark Bigelow
401059,Natalie Cooper,April Gilliam,Mary Fikes
401060,Elizabeth Bush,Daniel Filson,John Serrano
401061,James Farmer,Randall Adam,Mark Bigelow
401062,Donna Phillips,April Gilliam,Mary Fikes
401063,John Leroy,Daniel Filson,John Serrano
